sourcesourceDB,sourceCollection,sourceFieldLocation,sourceDataType,destinationTable,destinationField,destinationDataType,function,meta
accepted-data,address,acceptedDateTime.d_date,string,address,acceptedDateTime_d_date,timestamp,,DateTime(ISO-8601/UTC):org.joda.time.DateTime PII:UNKNOWN
accepted-data,address,claimElement.contractId,string,address,claimElement_contractId,string,, PII:UNKNOWN
accepted-data,address,claimElement.declaredDateTime,string,address,claimElement_declaredDateTime,string,, PII:UNKNOWN
accepted-data,address,claimElement.effectiveDate.hasDate,boolean,address,claimElement_effectiveDate_hasDate,string,, PII:UNKNOWN
accepted-data,address,claimElement.effectiveDate.knownDate,string,address,claimElement_effectiveDate_knownDate,string,, PII:UNKNOWN
accepted-data,address,claimElement.paymentEffectiveDate.hasDate,boolean,address,claimElement_paymentEffectiveDate_hasDate,string,, PII:UNKNOWN
accepted-data,address,claimElement.paymentEffectiveDate.knownDate,string,address,claimElement_paymentEffectiveDate_knownDate,string,, PII:UNKNOWN
accepted-data,address,createdDateTime.d_date,string,address,createdDateTime_d_date,timestamp,,DateTime(ISO-8601/UTC):org.joda.time.DateTime PII:UNKNOWN
accepted-data,address,declarationId,string,address,declarationId,string,,UUID:uk.gov.dwp.universe.declaration.DeclarationId PII:UNKNOWN
accepted-data,address,invalidated.dateTime.d_date,string,address,invalidated_dateTime_d_date,timestamp,,DateTime(ISO-8601/UTC):org.joda.time.DateTime PII:UNKNOWN
accepted-data,address,invalidated.reason,string,address,invalidated_reason,string,, PII:UNKNOWN
accepted-data,address,_id.d_oid,string,address,id,string,,
accepted-data,apa,acceptedDateTime.d_date,string,apa,acceptedDateTime_d_date,timestamp,,DateTime(ISO-8601/UTC):org.joda.time.DateTime PII:UNKNOWN
accepted-data,apa,claimElement.contractId,string,apa,claimElement_contractId,string,, PII:UNKNOWN
accepted-data,apa,claimElement.declaredDateTime,string,apa,claimElement_declaredDateTime,string,, PII:UNKNOWN
accepted-data,apa,claimElement.effectiveDate.hasDate,boolean,apa,claimElement_effectiveDate_hasDate,string,, PII:UNKNOWN
accepted-data,apa,claimElement.effectiveDate.knownDate,string,apa,claimElement_effectiveDate_knownDate,string,, PII:UNKNOWN
accepted-data,apa,claimElement.paymentEffectiveDate.hasDate,boolean,apa,claimElement_paymentEffectiveDate_hasDate,string,, PII:UNKNOWN
accepted-data,apa,claimElement.paymentEffectiveDate.knownDate,string,apa,claimElement_paymentEffectiveDate_knownDate,string,, PII:UNKNOWN
accepted-data,apa,createdDateTime.d_date,string,apa,createdDateTime_d_date,timestamp,,DateTime(ISO-8601/UTC):org.joda.time.DateTime PII:UNKNOWN
accepted-data,apa,declarationId,string,apa,declarationId,string,,UUID:uk.gov.dwp.universe.declaration.DeclarationId PII:UNKNOWN
accepted-data,apa,invalidated.dateTime.d_date,string,apa,invalidated_dateTime_d_date,timestamp,,DateTime(ISO-8601/UTC):org.joda.time.DateTime PII:UNKNOWN
accepted-data,apa,invalidated.reason,string,apa,invalidated_reason,string,, PII:UNKNOWN
accepted-data,apa,_id.declarationId,string,apa,id,string,,
accepted-data,bankDetails,acceptedDateTime.d_date,string,bankDetails,acceptedDateTime_d_date,timestamp,,DateTime(ISO-8601/UTC):org.joda.time.DateTime PII:UNKNOWN
accepted-data,bankDetails,claimElement.contractId,string,bankDetails,claimElement_contractId,string,, PII:UNKNOWN
accepted-data,bankDetails,claimElement.declaredDateTime,string,bankDetails,claimElement_declaredDateTime,string,, PII:UNKNOWN
accepted-data,bankDetails,claimElement.effectiveDate.hasDate,boolean,bankDetails,claimElement_effectiveDate_hasDate,string,, PII:UNKNOWN
accepted-data,bankDetails,claimElement.effectiveDate.knownDate,string,bankDetails,claimElement_effectiveDate_knownDate,string,, PII:UNKNOWN
accepted-data,bankDetails,claimElement.paymentEffectiveDate.hasDate,boolean,bankDetails,claimElement_paymentEffectiveDate_hasDate,string,, PII:UNKNOWN
accepted-data,bankDetails,claimElement.paymentEffectiveDate.knownDate,string,bankDetails,claimElement_paymentEffectiveDate_knownDate,string,, PII:UNKNOWN
accepted-data,bankDetails,createdDateTime.d_date,string,bankDetails,createdDateTime_d_date,timestamp,,DateTime(ISO-8601/UTC):org.joda.time.DateTime PII:UNKNOWN
accepted-data,bankDetails,declarationId,string,bankDetails,declarationId,string,,UUID:uk.gov.dwp.universe.declaration.DeclarationId PII:UNKNOWN
accepted-data,bankDetails,invalidated.dateTime.d_date,string,bankDetails,invalidated_dateTime_d_date,timestamp,,DateTime(ISO-8601/UTC):org.joda.time.DateTime PII:UNKNOWN
accepted-data,bankDetails,invalidated.reason,string,bankDetails,invalidated_reason,string,, PII:UNKNOWN
accepted-data,bankDetails,_id.declarationId,string,bankDetails,id,string,,
accepted-data,calculateDeductions,acceptedDateTime.d_date,string,calculateDeductions,acceptedDateTime_d_date,timestamp,,DateTime(ISO-8601/UTC):org.joda.time.DateTime PII:UNKNOWN
accepted-data,calculateDeductions,claimElement.contractId,string,calculateDeductions,claimElement_contractId,string,, PII:UNKNOWN
accepted-data,calculateDeductions,claimElement.declaredDateTime,string,calculateDeductions,claimElement_declaredDateTime,string,, PII:UNKNOWN
accepted-data,calculateDeductions,claimElement.effectiveDate.hasDate,boolean,calculateDeductions,claimElement_effectiveDate_hasDate,string,, PII:UNKNOWN
accepted-data,calculateDeductions,claimElement.effectiveDate.knownDate,string,calculateDeductions,claimElement_effectiveDate_knownDate,string,, PII:UNKNOWN
accepted-data,calculateDeductions,claimElement.paymentEffectiveDate.hasDate,boolean,calculateDeductions,claimElement_paymentEffectiveDate_hasDate,string,, PII:UNKNOWN
accepted-data,calculateDeductions,claimElement.paymentEffectiveDate.knownDate,string,calculateDeductions,claimElement_paymentEffectiveDate_knownDate,string,, PII:UNKNOWN
accepted-data,calculateDeductions,createdDateTime.d_date,string,calculateDeductions,createdDateTime_d_date,timestamp,,DateTime(ISO-8601/UTC):org.joda.time.DateTime PII:UNKNOWN
accepted-data,calculateDeductions,declarationId,string,calculateDeductions,declarationId,string,,UUID:uk.gov.dwp.universe.declaration.DeclarationId PII:UNKNOWN
accepted-data,calculateDeductions,invalidated.dateTime.d_date,string,calculateDeductions,invalidated_dateTime_d_date,timestamp,,DateTime(ISO-8601/UTC):org.joda.time.DateTime PII:UNKNOWN
accepted-data,calculateDeductions,invalidated.reason,string,calculateDeductions,invalidated_reason,string,, PII:UNKNOWN
accepted-data,calculateDeductions,_id.assessmentPeriodId,string,calculateDeductions,id,string,,
accepted-data,capital,acceptedDateTime.d_date,string,capital,acceptedDateTime_d_date,timestamp,,DateTime(ISO-8601/UTC):org.joda.time.DateTime PII:UNKNOWN
accepted-data,capital,claimElement.contractId,string,capital,claimElement_contractId,string,, PII:UNKNOWN
accepted-data,capital,claimElement.declaredDateTime,string,capital,claimElement_declaredDateTime,string,, PII:UNKNOWN
accepted-data,capital,claimElement.effectiveDate.hasDate,boolean,capital,claimElement_effectiveDate_hasDate,string,, PII:UNKNOWN
accepted-data,capital,claimElement.effectiveDate.knownDate,string,capital,claimElement_effectiveDate_knownDate,string,, PII:UNKNOWN
accepted-data,capital,claimElement.paymentEffectiveDate.hasDate,boolean,capital,claimElement_paymentEffectiveDate_hasDate,string,, PII:UNKNOWN
accepted-data,capital,claimElement.paymentEffectiveDate.knownDate,string,capital,claimElement_paymentEffectiveDate_knownDate,string,, PII:UNKNOWN
accepted-data,capital,createdDateTime.d_date,string,capital,createdDateTime_d_date,timestamp,,DateTime(ISO-8601/UTC):org.joda.time.DateTime PII:UNKNOWN
accepted-data,capital,declarationId,string,capital,declarationId,string,,UUID:uk.gov.dwp.universe.declaration.DeclarationId PII:UNKNOWN
accepted-data,capital,invalidated.dateTime.d_date,string,capital,invalidated_dateTime_d_date,timestamp,,DateTime(ISO-8601/UTC):org.joda.time.DateTime PII:UNKNOWN
accepted-data,capital,invalidated.reason,string,capital,invalidated_reason,string,, PII:UNKNOWN
accepted-data,capital,_id.declarationId,string,capital,id,string,,
accepted-data,carerCircumstances,acceptedDateTime.d_date,string,carerCircumstances,acceptedDateTime_d_date,timestamp,,DateTime(ISO-8601/UTC):org.joda.time.DateTime PII:UNKNOWN
accepted-data,carerCircumstances,claimElement.contractId,string,carerCircumstances,claimElement_contractId,string,, PII:UNKNOWN
accepted-data,carerCircumstances,claimElement.declaredDateTime,string,carerCircumstances,claimElement_declaredDateTime,string,, PII:UNKNOWN
accepted-data,carerCircumstances,claimElement.effectiveDate.hasDate,boolean,carerCircumstances,claimElement_effectiveDate_hasDate,string,, PII:UNKNOWN
accepted-data,carerCircumstances,claimElement.effectiveDate.knownDate,string,carerCircumstances,claimElement_effectiveDate_knownDate,string,, PII:UNKNOWN
accepted-data,carerCircumstances,claimElement.paymentEffectiveDate.hasDate,boolean,carerCircumstances,claimElement_paymentEffectiveDate_hasDate,string,, PII:UNKNOWN
accepted-data,carerCircumstances,claimElement.paymentEffectiveDate.knownDate,string,carerCircumstances,claimElement_paymentEffectiveDate_knownDate,string,, PII:UNKNOWN
accepted-data,carerCircumstances,createdDateTime.d_date,string,carerCircumstances,createdDateTime_d_date,timestamp,,DateTime(ISO-8601/UTC):org.joda.time.DateTime PII:UNKNOWN
accepted-data,carerCircumstances,declarationId,string,carerCircumstances,declarationId,string,,UUID:uk.gov.dwp.universe.declaration.DeclarationId PII:UNKNOWN
accepted-data,carerCircumstances,invalidated.dateTime.d_date,string,carerCircumstances,invalidated_dateTime_d_date,timestamp,,DateTime(ISO-8601/UTC):org.joda.time.DateTime PII:UNKNOWN
accepted-data,carerCircumstances,invalidated.reason,string,carerCircumstances,invalidated_reason,string,, PII:UNKNOWN
accepted-data,carerCircumstances,_id.d_oid,string,carerCircumstances,id,string,,
accepted-data,carersAllowance,acceptedDateTime.d_date,string,carersAllowance,acceptedDateTime_d_date,timestamp,,DateTime(ISO-8601/UTC):org.joda.time.DateTime PII:UNKNOWN
accepted-data,carersAllowance,claimElement.contractId,string,carersAllowance,claimElement_contractId,string,, PII:UNKNOWN
accepted-data,carersAllowance,claimElement.declaredDateTime,string,carersAllowance,claimElement_declaredDateTime,string,, PII:UNKNOWN
accepted-data,carersAllowance,claimElement.effectiveDate.hasDate,boolean,carersAllowance,claimElement_effectiveDate_hasDate,string,, PII:UNKNOWN
accepted-data,carersAllowance,claimElement.effectiveDate.knownDate,string,carersAllowance,claimElement_effectiveDate_knownDate,string,, PII:UNKNOWN
accepted-data,carersAllowance,claimElement.paymentEffectiveDate.hasDate,boolean,carersAllowance,claimElement_paymentEffectiveDate_hasDate,string,, PII:UNKNOWN
accepted-data,carersAllowance,claimElement.paymentEffectiveDate.knownDate,string,carersAllowance,claimElement_paymentEffectiveDate_knownDate,string,, PII:UNKNOWN
accepted-data,carersAllowance,createdDateTime.d_date,string,carersAllowance,createdDateTime_d_date,timestamp,,DateTime(ISO-8601/UTC):org.joda.time.DateTime PII:UNKNOWN
accepted-data,carersAllowance,declarationId,string,carersAllowance,declarationId,string,,UUID:uk.gov.dwp.universe.declaration.DeclarationId PII:UNKNOWN
accepted-data,carersAllowance,invalidated.dateTime.d_date,string,carersAllowance,invalidated_dateTime_d_date,timestamp,,DateTime(ISO-8601/UTC):org.joda.time.DateTime PII:UNKNOWN
accepted-data,carersAllowance,invalidated.reason,string,carersAllowance,invalidated_reason,string,, PII:UNKNOWN
accepted-data,carersAllowance,_id.d_oid,string,carersAllowance,id,string,,
accepted-data,childElementEligibility,acceptedDateTime.d_date,string,childElementEligibility,acceptedDateTime_d_date,timestamp,,DateTime(ISO-8601/UTC):org.joda.time.DateTime PII:UNKNOWN
accepted-data,childElementEligibility,claimElement.contractId,string,childElementEligibility,claimElement_contractId,string,, PII:UNKNOWN
accepted-data,childElementEligibility,claimElement.declaredDateTime,string,childElementEligibility,claimElement_declaredDateTime,string,, PII:UNKNOWN
accepted-data,childElementEligibility,claimElement.effectiveDate.hasDate,boolean,childElementEligibility,claimElement_effectiveDate_hasDate,string,, PII:UNKNOWN
accepted-data,childElementEligibility,claimElement.effectiveDate.knownDate,string,childElementEligibility,claimElement_effectiveDate_knownDate,string,, PII:UNKNOWN
accepted-data,childElementEligibility,claimElement.paymentEffectiveDate.hasDate,boolean,childElementEligibility,claimElement_paymentEffectiveDate_hasDate,string,, PII:UNKNOWN
accepted-data,childElementEligibility,claimElement.paymentEffectiveDate.knownDate,string,childElementEligibility,claimElement_paymentEffectiveDate_knownDate,string,, PII:UNKNOWN
accepted-data,childElementEligibility,createdDateTime.d_date,string,childElementEligibility,createdDateTime_d_date,timestamp,,DateTime(ISO-8601/UTC):org.joda.time.DateTime PII:UNKNOWN
accepted-data,childElementEligibility,declarationId,string,childElementEligibility,declarationId,string,,UUID:uk.gov.dwp.universe.declaration.DeclarationId PII:UNKNOWN
accepted-data,childElementEligibility,invalidated.dateTime.d_date,string,childElementEligibility,invalidated_dateTime_d_date,timestamp,,DateTime(ISO-8601/UTC):org.joda.time.DateTime PII:UNKNOWN
accepted-data,childElementEligibility,invalidated.reason,string,childElementEligibility,invalidated_reason,string,, PII:UNKNOWN
accepted-data,childElementEligibility,_id.d_oid,string,childElementEligibility,id,string,,
accepted-data,childcare,acceptedDateTime.d_date,string,childcare,acceptedDateTime_d_date,timestamp,,DateTime(ISO-8601/UTC):org.joda.time.DateTime PII:UNKNOWN
accepted-data,childcare,claimElement.contractId,string,childcare,claimElement_contractId,string,, PII:UNKNOWN
accepted-data,childcare,claimElement.declaredDateTime,string,childcare,claimElement_declaredDateTime,string,, PII:UNKNOWN
accepted-data,childcare,claimElement.effectiveDate.hasDate,boolean,childcare,claimElement_effectiveDate_hasDate,string,, PII:UNKNOWN
accepted-data,childcare,claimElement.effectiveDate.knownDate,string,childcare,claimElement_effectiveDate_knownDate,string,, PII:UNKNOWN
accepted-data,childcare,claimElement.paymentEffectiveDate.hasDate,boolean,childcare,claimElement_paymentEffectiveDate_hasDate,string,, PII:UNKNOWN
accepted-data,childcare,claimElement.paymentEffectiveDate.knownDate,string,childcare,claimElement_paymentEffectiveDate_knownDate,string,, PII:UNKNOWN
accepted-data,childcare,createdDateTime.d_date,string,childcare,createdDateTime_d_date,timestamp,,DateTime(ISO-8601/UTC):org.joda.time.DateTime PII:UNKNOWN
accepted-data,childcare,declarationId,string,childcare,declarationId,string,,UUID:uk.gov.dwp.universe.declaration.DeclarationId PII:UNKNOWN
accepted-data,childcare,invalidated.dateTime.d_date,string,childcare,invalidated_dateTime_d_date,timestamp,,DateTime(ISO-8601/UTC):org.joda.time.DateTime PII:UNKNOWN
accepted-data,childcare,invalidated.reason,string,childcare,invalidated_reason,string,, PII:UNKNOWN
accepted-data,childcare,_id.d_oid,string,childcare,id,string,,
accepted-data,childrenCircumstances,acceptedDateTime.d_date,string,childrenCircumstances,acceptedDateTime_d_date,timestamp,,DateTime(ISO-8601/UTC):org.joda.time.DateTime PII:UNKNOWN
accepted-data,childrenCircumstances,claimElement.contractId,string,childrenCircumstances,claimElement_contractId,string,, PII:UNKNOWN
accepted-data,childrenCircumstances,claimElement.declaredDateTime,string,childrenCircumstances,claimElement_declaredDateTime,string,, PII:UNKNOWN
accepted-data,childrenCircumstances,claimElement.effectiveDate.hasDate,boolean,childrenCircumstances,claimElement_effectiveDate_hasDate,string,, PII:UNKNOWN
accepted-data,childrenCircumstances,claimElement.effectiveDate.knownDate,string,childrenCircumstances,claimElement_effectiveDate_knownDate,string,, PII:UNKNOWN
accepted-data,childrenCircumstances,claimElement.paymentEffectiveDate.hasDate,boolean,childrenCircumstances,claimElement_paymentEffectiveDate_hasDate,string,, PII:UNKNOWN
accepted-data,childrenCircumstances,claimElement.paymentEffectiveDate.knownDate,string,childrenCircumstances,claimElement_paymentEffectiveDate_knownDate,string,, PII:UNKNOWN
accepted-data,childrenCircumstances,createdDateTime.d_date,string,childrenCircumstances,createdDateTime_d_date,timestamp,,DateTime(ISO-8601/UTC):org.joda.time.DateTime PII:UNKNOWN
accepted-data,childrenCircumstances,declarationId,string,childrenCircumstances,declarationId,string,,UUID:uk.gov.dwp.universe.declaration.DeclarationId PII:UNKNOWN
accepted-data,childrenCircumstances,invalidated.dateTime.d_date,string,childrenCircumstances,invalidated_dateTime_d_date,timestamp,,DateTime(ISO-8601/UTC):org.joda.time.DateTime PII:UNKNOWN
accepted-data,childrenCircumstances,invalidated.reason,string,childrenCircumstances,invalidated_reason,string,, PII:UNKNOWN
accepted-data,childrenCircumstances,_id.declarationId,string,childrenCircumstances,id,string,,
accepted-data,educationCircumstances,acceptedDateTime.d_date,string,educationCircumstances,acceptedDateTime_d_date,timestamp,,DateTime(ISO-8601/UTC):org.joda.time.DateTime PII:UNKNOWN
accepted-data,educationCircumstances,claimElement.contractId,string,educationCircumstances,claimElement_contractId,string,, PII:UNKNOWN
accepted-data,educationCircumstances,claimElement.declaredDateTime,string,educationCircumstances,claimElement_declaredDateTime,string,, PII:UNKNOWN
accepted-data,educationCircumstances,claimElement.effectiveDate.hasDate,boolean,educationCircumstances,claimElement_effectiveDate_hasDate,string,, PII:UNKNOWN
accepted-data,educationCircumstances,claimElement.effectiveDate.knownDate,string,educationCircumstances,claimElement_effectiveDate_knownDate,string,, PII:UNKNOWN
accepted-data,educationCircumstances,claimElement.paymentEffectiveDate.hasDate,boolean,educationCircumstances,claimElement_paymentEffectiveDate_hasDate,string,, PII:UNKNOWN
accepted-data,educationCircumstances,claimElement.paymentEffectiveDate.knownDate,string,educationCircumstances,claimElement_paymentEffectiveDate_knownDate,string,, PII:UNKNOWN
accepted-data,educationCircumstances,createdDateTime.d_date,string,educationCircumstances,createdDateTime_d_date,timestamp,,DateTime(ISO-8601/UTC):org.joda.time.DateTime PII:UNKNOWN
accepted-data,educationCircumstances,declarationId,string,educationCircumstances,declarationId,string,,UUID:uk.gov.dwp.universe.declaration.DeclarationId PII:UNKNOWN
accepted-data,educationCircumstances,invalidated.dateTime.d_date,string,educationCircumstances,invalidated_dateTime_d_date,timestamp,,DateTime(ISO-8601/UTC):org.joda.time.DateTime PII:UNKNOWN
accepted-data,educationCircumstances,invalidated.reason,string,educationCircumstances,invalidated_reason,string,, PII:UNKNOWN
accepted-data,educationCircumstances,_id.d_oid,string,educationCircumstances,id,string,,
accepted-data,employmentCircumstances,acceptedDateTime.d_date,string,employmentCircumstances,acceptedDateTime_d_date,timestamp,,DateTime(ISO-8601/UTC):org.joda.time.DateTime PII:UNKNOWN
accepted-data,employmentCircumstances,claimElement.contractId,string,employmentCircumstances,claimElement_contractId,string,, PII:UNKNOWN
accepted-data,employmentCircumstances,claimElement.declaredDateTime,string,employmentCircumstances,claimElement_declaredDateTime,string,, PII:UNKNOWN
accepted-data,employmentCircumstances,claimElement.effectiveDate.hasDate,boolean,employmentCircumstances,claimElement_effectiveDate_hasDate,string,, PII:UNKNOWN
accepted-data,employmentCircumstances,claimElement.effectiveDate.knownDate,string,employmentCircumstances,claimElement_effectiveDate_knownDate,string,, PII:UNKNOWN
accepted-data,employmentCircumstances,claimElement.paymentEffectiveDate.hasDate,boolean,employmentCircumstances,claimElement_paymentEffectiveDate_hasDate,string,, PII:UNKNOWN
accepted-data,employmentCircumstances,claimElement.paymentEffectiveDate.knownDate,string,employmentCircumstances,claimElement_paymentEffectiveDate_knownDate,string,, PII:UNKNOWN
accepted-data,employmentCircumstances,createdDateTime.d_date,string,employmentCircumstances,createdDateTime_d_date,timestamp,,DateTime(ISO-8601/UTC):org.joda.time.DateTime PII:UNKNOWN
accepted-data,employmentCircumstances,declarationId,string,employmentCircumstances,declarationId,string,,UUID:uk.gov.dwp.universe.declaration.DeclarationId PII:UNKNOWN
accepted-data,employmentCircumstances,invalidated.dateTime.d_date,string,employmentCircumstances,invalidated_dateTime_d_date,timestamp,,DateTime(ISO-8601/UTC):org.joda.time.DateTime PII:UNKNOWN
accepted-data,employmentCircumstances,invalidated.reason,string,employmentCircumstances,invalidated_reason,string,, PII:UNKNOWN
accepted-data,employmentCircumstances,_id.d_oid,string,employmentCircumstances,id,string,,
accepted-data,gracePeriod,acceptedDateTime.d_date,string,gracePeriod,acceptedDateTime_d_date,timestamp,,DateTime(ISO-8601/UTC):org.joda.time.DateTime PII:UNKNOWN
accepted-data,gracePeriod,claimElement.contractId,string,gracePeriod,claimElement_contractId,string,, PII:UNKNOWN
accepted-data,gracePeriod,claimElement.declaredDateTime,string,gracePeriod,claimElement_declaredDateTime,string,, PII:UNKNOWN
accepted-data,gracePeriod,claimElement.effectiveDate.hasDate,boolean,gracePeriod,claimElement_effectiveDate_hasDate,string,, PII:UNKNOWN
accepted-data,gracePeriod,claimElement.effectiveDate.knownDate,string,gracePeriod,claimElement_effectiveDate_knownDate,string,, PII:UNKNOWN
accepted-data,gracePeriod,claimElement.paymentEffectiveDate.hasDate,boolean,gracePeriod,claimElement_paymentEffectiveDate_hasDate,string,, PII:UNKNOWN
accepted-data,gracePeriod,claimElement.paymentEffectiveDate.knownDate,string,gracePeriod,claimElement_paymentEffectiveDate_knownDate,string,, PII:UNKNOWN
accepted-data,gracePeriod,createdDateTime.d_date,string,gracePeriod,createdDateTime_d_date,timestamp,,DateTime(ISO-8601/UTC):org.joda.time.DateTime PII:UNKNOWN
accepted-data,gracePeriod,declarationId,string,gracePeriod,declarationId,string,,UUID:uk.gov.dwp.universe.declaration.DeclarationId PII:UNKNOWN
accepted-data,gracePeriod,invalidated.dateTime.d_date,string,gracePeriod,invalidated_dateTime_d_date,timestamp,,DateTime(ISO-8601/UTC):org.joda.time.DateTime PII:UNKNOWN
accepted-data,gracePeriod,invalidated.reason,string,gracePeriod,invalidated_reason,string,, PII:UNKNOWN
accepted-data,gracePeriod,_id.d_oid,string,gracePeriod,id,string,,
accepted-data,guardiansAllowance,acceptedDateTime.d_date,string,guardiansAllowance,acceptedDateTime_d_date,timestamp,,DateTime(ISO-8601/UTC):org.joda.time.DateTime PII:UNKNOWN
accepted-data,guardiansAllowance,claimElement.contractId,string,guardiansAllowance,claimElement_contractId,string,, PII:UNKNOWN
accepted-data,guardiansAllowance,claimElement.declaredDateTime,string,guardiansAllowance,claimElement_declaredDateTime,string,, PII:UNKNOWN
accepted-data,guardiansAllowance,claimElement.effectiveDate.hasDate,boolean,guardiansAllowance,claimElement_effectiveDate_hasDate,string,, PII:UNKNOWN
accepted-data,guardiansAllowance,claimElement.effectiveDate.knownDate,string,guardiansAllowance,claimElement_effectiveDate_knownDate,string,, PII:UNKNOWN
accepted-data,guardiansAllowance,claimElement.paymentEffectiveDate.hasDate,boolean,guardiansAllowance,claimElement_paymentEffectiveDate_hasDate,string,, PII:UNKNOWN
accepted-data,guardiansAllowance,claimElement.paymentEffectiveDate.knownDate,string,guardiansAllowance,claimElement_paymentEffectiveDate_knownDate,string,, PII:UNKNOWN
accepted-data,guardiansAllowance,createdDateTime.d_date,string,guardiansAllowance,createdDateTime_d_date,timestamp,,DateTime(ISO-8601/UTC):org.joda.time.DateTime PII:UNKNOWN
accepted-data,guardiansAllowance,declarationId,string,guardiansAllowance,declarationId,string,,UUID:uk.gov.dwp.universe.declaration.DeclarationId PII:UNKNOWN
accepted-data,guardiansAllowance,invalidated.dateTime.d_date,string,guardiansAllowance,invalidated_dateTime_d_date,timestamp,,DateTime(ISO-8601/UTC):org.joda.time.DateTime PII:UNKNOWN
accepted-data,guardiansAllowance,invalidated.reason,string,guardiansAllowance,invalidated_reason,string,, PII:UNKNOWN
accepted-data,guardiansAllowance,_id.d_oid,string,guardiansAllowance,id,string,,
accepted-data,healthAndDisabilityCircumstances,acceptedDateTime.d_date,string,healthAndDisabilityCircumstances,acceptedDateTime_d_date,timestamp,,DateTime(ISO-8601/UTC):org.joda.time.DateTime PII:UNKNOWN
accepted-data,healthAndDisabilityCircumstances,claimElement.contractId,string,healthAndDisabilityCircumstances,claimElement_contractId,string,, PII:UNKNOWN
accepted-data,healthAndDisabilityCircumstances,claimElement.declaredDateTime,string,healthAndDisabilityCircumstances,claimElement_declaredDateTime,string,, PII:UNKNOWN
accepted-data,healthAndDisabilityCircumstances,claimElement.effectiveDate.hasDate,boolean,healthAndDisabilityCircumstances,claimElement_effectiveDate_hasDate,string,, PII:UNKNOWN
accepted-data,healthAndDisabilityCircumstances,claimElement.effectiveDate.knownDate,string,healthAndDisabilityCircumstances,claimElement_effectiveDate_knownDate,string,, PII:UNKNOWN
accepted-data,healthAndDisabilityCircumstances,claimElement.paymentEffectiveDate.hasDate,boolean,healthAndDisabilityCircumstances,claimElement_paymentEffectiveDate_hasDate,string,, PII:UNKNOWN
accepted-data,healthAndDisabilityCircumstances,claimElement.paymentEffectiveDate.knownDate,string,healthAndDisabilityCircumstances,claimElement_paymentEffectiveDate_knownDate,string,, PII:UNKNOWN
accepted-data,healthAndDisabilityCircumstances,createdDateTime.d_date,string,healthAndDisabilityCircumstances,createdDateTime_d_date,timestamp,,DateTime(ISO-8601/UTC):org.joda.time.DateTime PII:UNKNOWN
accepted-data,healthAndDisabilityCircumstances,declarationId,string,healthAndDisabilityCircumstances,declarationId,string,,UUID:uk.gov.dwp.universe.declaration.DeclarationId PII:UNKNOWN
accepted-data,healthAndDisabilityCircumstances,invalidated.dateTime.d_date,string,healthAndDisabilityCircumstances,invalidated_dateTime_d_date,timestamp,,DateTime(ISO-8601/UTC):org.joda.time.DateTime PII:UNKNOWN
accepted-data,healthAndDisabilityCircumstances,invalidated.reason,string,healthAndDisabilityCircumstances,invalidated_reason,string,, PII:UNKNOWN
accepted-data,healthAndDisabilityCircumstances,_id.d_oid,string,healthAndDisabilityCircumstances,id,string,,
accepted-data,healthCircumstances,acceptedDateTime.d_date,string,healthCircumstances,acceptedDateTime_d_date,timestamp,,DateTime(ISO-8601/UTC):org.joda.time.DateTime PII:UNKNOWN
accepted-data,healthCircumstances,claimElement.contractId,string,healthCircumstances,claimElement_contractId,string,, PII:UNKNOWN
accepted-data,healthCircumstances,claimElement.declaredDateTime,string,healthCircumstances,claimElement_declaredDateTime,string,, PII:UNKNOWN
accepted-data,healthCircumstances,claimElement.effectiveDate.hasDate,boolean,healthCircumstances,claimElement_effectiveDate_hasDate,string,, PII:UNKNOWN
accepted-data,healthCircumstances,claimElement.effectiveDate.knownDate,string,healthCircumstances,claimElement_effectiveDate_knownDate,string,, PII:UNKNOWN
accepted-data,healthCircumstances,claimElement.paymentEffectiveDate.hasDate,boolean,healthCircumstances,claimElement_paymentEffectiveDate_hasDate,string,, PII:UNKNOWN
accepted-data,healthCircumstances,claimElement.paymentEffectiveDate.knownDate,string,healthCircumstances,claimElement_paymentEffectiveDate_knownDate,string,, PII:UNKNOWN
accepted-data,healthCircumstances,createdDateTime.d_date,string,healthCircumstances,createdDateTime_d_date,timestamp,,DateTime(ISO-8601/UTC):org.joda.time.DateTime PII:UNKNOWN
accepted-data,healthCircumstances,declarationId,string,healthCircumstances,declarationId,string,,UUID:uk.gov.dwp.universe.declaration.DeclarationId PII:UNKNOWN
accepted-data,healthCircumstances,invalidated.dateTime.d_date,string,healthCircumstances,invalidated_dateTime_d_date,timestamp,,DateTime(ISO-8601/UTC):org.joda.time.DateTime PII:UNKNOWN
accepted-data,healthCircumstances,invalidated.reason,string,healthCircumstances,invalidated_reason,string,, PII:UNKNOWN
accepted-data,healthCircumstances,_id.d_oid,string,healthCircumstances,id,string,,
accepted-data,housingCircumstances,acceptedDateTime.d_date,string,housingCircumstances,acceptedDateTime_d_date,timestamp,,DateTime(ISO-8601/UTC):org.joda.time.DateTime PII:UNKNOWN
accepted-data,housingCircumstances,claimElement.contractId,string,housingCircumstances,claimElement_contractId,string,, PII:UNKNOWN
accepted-data,housingCircumstances,claimElement.declaredDateTime,string,housingCircumstances,claimElement_declaredDateTime,string,, PII:UNKNOWN
accepted-data,housingCircumstances,claimElement.effectiveDate.hasDate,boolean,housingCircumstances,claimElement_effectiveDate_hasDate,string,, PII:UNKNOWN
accepted-data,housingCircumstances,claimElement.effectiveDate.knownDate,string,housingCircumstances,claimElement_effectiveDate_knownDate,string,, PII:UNKNOWN
accepted-data,housingCircumstances,claimElement.paymentEffectiveDate.hasDate,boolean,housingCircumstances,claimElement_paymentEffectiveDate_hasDate,string,, PII:UNKNOWN
accepted-data,housingCircumstances,claimElement.paymentEffectiveDate.knownDate,string,housingCircumstances,claimElement_paymentEffectiveDate_knownDate,string,, PII:UNKNOWN
accepted-data,housingCircumstances,createdDateTime.d_date,string,housingCircumstances,createdDateTime_d_date,timestamp,,DateTime(ISO-8601/UTC):org.joda.time.DateTime PII:UNKNOWN
accepted-data,housingCircumstances,declarationId,string,housingCircumstances,declarationId,string,,UUID:uk.gov.dwp.universe.declaration.DeclarationId PII:UNKNOWN
accepted-data,housingCircumstances,invalidated.dateTime.d_date,string,housingCircumstances,invalidated_dateTime_d_date,timestamp,,DateTime(ISO-8601/UTC):org.joda.time.DateTime PII:UNKNOWN
accepted-data,housingCircumstances,invalidated.reason,string,housingCircumstances,invalidated_reason,string,, PII:UNKNOWN
accepted-data,housingCircumstances,_id.d_oid,string,housingCircumstances,id,string,,
accepted-data,housingEntitlement,acceptedDateTime.d_date,string,housingEntitlement,acceptedDateTime_d_date,timestamp,,DateTime(ISO-8601/UTC):org.joda.time.DateTime PII:UNKNOWN
accepted-data,housingEntitlement,claimElement.contractId,string,housingEntitlement,claimElement_contractId,string,, PII:UNKNOWN
accepted-data,housingEntitlement,claimElement.declaredDateTime,string,housingEntitlement,claimElement_declaredDateTime,string,, PII:UNKNOWN
accepted-data,housingEntitlement,claimElement.effectiveDate.hasDate,boolean,housingEntitlement,claimElement_effectiveDate_hasDate,string,, PII:UNKNOWN
accepted-data,housingEntitlement,claimElement.effectiveDate.knownDate,string,housingEntitlement,claimElement_effectiveDate_knownDate,string,, PII:UNKNOWN
accepted-data,housingEntitlement,claimElement.paymentEffectiveDate.hasDate,boolean,housingEntitlement,claimElement_paymentEffectiveDate_hasDate,string,, PII:UNKNOWN
accepted-data,housingEntitlement,claimElement.paymentEffectiveDate.knownDate,string,housingEntitlement,claimElement_paymentEffectiveDate_knownDate,string,, PII:UNKNOWN
accepted-data,housingEntitlement,createdDateTime.d_date,string,housingEntitlement,createdDateTime_d_date,timestamp,,DateTime(ISO-8601/UTC):org.joda.time.DateTime PII:UNKNOWN
accepted-data,housingEntitlement,declarationId,string,housingEntitlement,declarationId,string,,UUID:uk.gov.dwp.universe.declaration.DeclarationId PII:UNKNOWN
accepted-data,housingEntitlement,invalidated.dateTime.d_date,string,housingEntitlement,invalidated_dateTime_d_date,timestamp,,DateTime(ISO-8601/UTC):org.joda.time.DateTime PII:UNKNOWN
accepted-data,housingEntitlement,invalidated.reason,string,housingEntitlement,invalidated_reason,string,, PII:UNKNOWN
accepted-data,housingEntitlement,_id.d_oid,string,housingEntitlement,id,string,,
accepted-data,ineligiblePartner,acceptedDateTime.d_date,string,ineligiblePartner,acceptedDateTime_d_date,timestamp,,DateTime(ISO-8601/UTC):org.joda.time.DateTime PII:UNKNOWN
accepted-data,ineligiblePartner,claimElement.contractId,string,ineligiblePartner,claimElement_contractId,string,, PII:UNKNOWN
accepted-data,ineligiblePartner,claimElement.declaredDateTime,string,ineligiblePartner,claimElement_declaredDateTime,string,, PII:UNKNOWN
accepted-data,ineligiblePartner,claimElement.effectiveDate.hasDate,boolean,ineligiblePartner,claimElement_effectiveDate_hasDate,string,, PII:UNKNOWN
accepted-data,ineligiblePartner,claimElement.effectiveDate.knownDate,string,ineligiblePartner,claimElement_effectiveDate_knownDate,string,, PII:UNKNOWN
accepted-data,ineligiblePartner,claimElement.paymentEffectiveDate.hasDate,boolean,ineligiblePartner,claimElement_paymentEffectiveDate_hasDate,string,, PII:UNKNOWN
accepted-data,ineligiblePartner,claimElement.paymentEffectiveDate.knownDate,string,ineligiblePartner,claimElement_paymentEffectiveDate_knownDate,string,, PII:UNKNOWN
accepted-data,ineligiblePartner,createdDateTime.d_date,string,ineligiblePartner,createdDateTime_d_date,timestamp,,DateTime(ISO-8601/UTC):org.joda.time.DateTime PII:UNKNOWN
accepted-data,ineligiblePartner,declarationId,string,ineligiblePartner,declarationId,string,,UUID:uk.gov.dwp.universe.declaration.DeclarationId PII:UNKNOWN
accepted-data,ineligiblePartner,invalidated.dateTime.d_date,string,ineligiblePartner,invalidated_dateTime_d_date,timestamp,,DateTime(ISO-8601/UTC):org.joda.time.DateTime PII:UNKNOWN
accepted-data,ineligiblePartner,invalidated.reason,string,ineligiblePartner,invalidated_reason,string,, PII:UNKNOWN
accepted-data,ineligiblePartner,_id.d_oid,string,ineligiblePartner,id,string,,
accepted-data,nationality,acceptedDateTime.d_date,string,nationality,acceptedDateTime_d_date,timestamp,,DateTime(ISO-8601/UTC):org.joda.time.DateTime PII:UNKNOWN
accepted-data,nationality,claimElement.contractId,string,nationality,claimElement_contractId,string,, PII:UNKNOWN
accepted-data,nationality,claimElement.declaredDateTime,string,nationality,claimElement_declaredDateTime,string,, PII:UNKNOWN
accepted-data,nationality,claimElement.effectiveDate.hasDate,boolean,nationality,claimElement_effectiveDate_hasDate,string,, PII:UNKNOWN
accepted-data,nationality,claimElement.effectiveDate.knownDate,string,nationality,claimElement_effectiveDate_knownDate,string,, PII:UNKNOWN
accepted-data,nationality,claimElement.paymentEffectiveDate.hasDate,boolean,nationality,claimElement_paymentEffectiveDate_hasDate,string,, PII:UNKNOWN
accepted-data,nationality,claimElement.paymentEffectiveDate.knownDate,string,nationality,claimElement_paymentEffectiveDate_knownDate,string,, PII:UNKNOWN
accepted-data,nationality,createdDateTime.d_date,string,nationality,createdDateTime_d_date,timestamp,,DateTime(ISO-8601/UTC):org.joda.time.DateTime PII:UNKNOWN
accepted-data,nationality,declarationId,string,nationality,declarationId,string,,UUID:uk.gov.dwp.universe.declaration.DeclarationId PII:UNKNOWN
accepted-data,nationality,invalidated.dateTime.d_date,string,nationality,invalidated_dateTime_d_date,timestamp,,DateTime(ISO-8601/UTC):org.joda.time.DateTime PII:UNKNOWN
accepted-data,nationality,invalidated.reason,string,nationality,invalidated_reason,string,, PII:UNKNOWN
accepted-data,nationality,_id.d_oid,string,nationality,id,string,,
accepted-data,otherBenefit,acceptedDateTime.d_date,string,otherBenefit,acceptedDateTime_d_date,timestamp,,DateTime(ISO-8601/UTC):org.joda.time.DateTime PII:UNKNOWN
accepted-data,otherBenefit,claimElement.contractId,string,otherBenefit,claimElement_contractId,string,, PII:UNKNOWN
accepted-data,otherBenefit,claimElement.declaredDateTime,string,otherBenefit,claimElement_declaredDateTime,string,, PII:UNKNOWN
accepted-data,otherBenefit,claimElement.effectiveDate.hasDate,boolean,otherBenefit,claimElement_effectiveDate_hasDate,string,, PII:UNKNOWN
accepted-data,otherBenefit,claimElement.effectiveDate.knownDate,string,otherBenefit,claimElement_effectiveDate_knownDate,string,, PII:UNKNOWN
accepted-data,otherBenefit,claimElement.paymentEffectiveDate.hasDate,boolean,otherBenefit,claimElement_paymentEffectiveDate_hasDate,string,, PII:UNKNOWN
accepted-data,otherBenefit,claimElement.paymentEffectiveDate.knownDate,string,otherBenefit,claimElement_paymentEffectiveDate_knownDate,string,, PII:UNKNOWN
accepted-data,otherBenefit,createdDateTime.d_date,string,otherBenefit,createdDateTime_d_date,timestamp,,DateTime(ISO-8601/UTC):org.joda.time.DateTime PII:UNKNOWN
accepted-data,otherBenefit,declarationId,string,otherBenefit,declarationId,string,,UUID:uk.gov.dwp.universe.declaration.DeclarationId PII:UNKNOWN
accepted-data,otherBenefit,invalidated.dateTime.d_date,string,otherBenefit,invalidated_dateTime_d_date,timestamp,,DateTime(ISO-8601/UTC):org.joda.time.DateTime PII:UNKNOWN
accepted-data,otherBenefit,invalidated.reason,string,otherBenefit,invalidated_reason,string,, PII:UNKNOWN
accepted-data,otherBenefit,_id.d_oid,string,otherBenefit,id,string,,
accepted-data,otherIncome,acceptedDateTime.d_date,string,otherIncome,acceptedDateTime_d_date,timestamp,,DateTime(ISO-8601/UTC):org.joda.time.DateTime PII:UNKNOWN
accepted-data,otherIncome,claimElement.contractId,string,otherIncome,claimElement_contractId,string,, PII:UNKNOWN
accepted-data,otherIncome,claimElement.declaredDateTime,string,otherIncome,claimElement_declaredDateTime,string,, PII:UNKNOWN
accepted-data,otherIncome,claimElement.effectiveDate.hasDate,boolean,otherIncome,claimElement_effectiveDate_hasDate,string,, PII:UNKNOWN
accepted-data,otherIncome,claimElement.effectiveDate.knownDate,string,otherIncome,claimElement_effectiveDate_knownDate,string,, PII:UNKNOWN
accepted-data,otherIncome,claimElement.paymentEffectiveDate.hasDate,boolean,otherIncome,claimElement_paymentEffectiveDate_hasDate,string,, PII:UNKNOWN
accepted-data,otherIncome,claimElement.paymentEffectiveDate.knownDate,string,otherIncome,claimElement_paymentEffectiveDate_knownDate,string,, PII:UNKNOWN
accepted-data,otherIncome,createdDateTime.d_date,string,otherIncome,createdDateTime_d_date,timestamp,,DateTime(ISO-8601/UTC):org.joda.time.DateTime PII:UNKNOWN
accepted-data,otherIncome,declarationId,string,otherIncome,declarationId,string,,UUID:uk.gov.dwp.universe.declaration.DeclarationId PII:UNKNOWN
accepted-data,otherIncome,invalidated.dateTime.d_date,string,otherIncome,invalidated_dateTime_d_date,timestamp,,DateTime(ISO-8601/UTC):org.joda.time.DateTime PII:UNKNOWN
accepted-data,otherIncome,invalidated.reason,string,otherIncome,invalidated_reason,string,, PII:UNKNOWN
accepted-data,otherIncome,_id.d_oid,string,otherIncome,id,string,,
accepted-data,overlappingBenefit,acceptedDateTime.d_date,string,overlappingBenefit,acceptedDateTime_d_date,timestamp,,DateTime(ISO-8601/UTC):org.joda.time.DateTime PII:UNKNOWN
accepted-data,overlappingBenefit,claimElement.contractId,string,overlappingBenefit,claimElement_contractId,string,, PII:UNKNOWN
accepted-data,overlappingBenefit,claimElement.declaredDateTime,string,overlappingBenefit,claimElement_declaredDateTime,string,, PII:UNKNOWN
accepted-data,overlappingBenefit,claimElement.effectiveDate.hasDate,boolean,overlappingBenefit,claimElement_effectiveDate_hasDate,string,, PII:UNKNOWN
accepted-data,overlappingBenefit,claimElement.effectiveDate.knownDate,string,overlappingBenefit,claimElement_effectiveDate_knownDate,string,, PII:UNKNOWN
accepted-data,overlappingBenefit,claimElement.paymentEffectiveDate.hasDate,boolean,overlappingBenefit,claimElement_paymentEffectiveDate_hasDate,string,, PII:UNKNOWN
accepted-data,overlappingBenefit,claimElement.paymentEffectiveDate.knownDate,string,overlappingBenefit,claimElement_paymentEffectiveDate_knownDate,string,, PII:UNKNOWN
accepted-data,overlappingBenefit,createdDateTime.d_date,string,overlappingBenefit,createdDateTime_d_date,timestamp,,DateTime(ISO-8601/UTC):org.joda.time.DateTime PII:UNKNOWN
accepted-data,overlappingBenefit,declarationId,string,overlappingBenefit,declarationId,string,,UUID:uk.gov.dwp.universe.declaration.DeclarationId PII:UNKNOWN
accepted-data,overlappingBenefit,invalidated.dateTime.d_date,string,overlappingBenefit,invalidated_dateTime_d_date,timestamp,,DateTime(ISO-8601/UTC):org.joda.time.DateTime PII:UNKNOWN
accepted-data,overlappingBenefit,invalidated.reason,string,overlappingBenefit,invalidated_reason,string,, PII:UNKNOWN
accepted-data,overlappingBenefit,_id.d_oid,string,overlappingBenefit,id,string,,
accepted-data,partnerQuestion,acceptedDateTime.d_date,string,partnerQuestion,acceptedDateTime_d_date,timestamp,,DateTime(ISO-8601/UTC):org.joda.time.DateTime PII:UNKNOWN
accepted-data,partnerQuestion,claimElement.contractId,string,partnerQuestion,claimElement_contractId,string,, PII:UNKNOWN
accepted-data,partnerQuestion,claimElement.declaredDateTime,string,partnerQuestion,claimElement_declaredDateTime,string,, PII:UNKNOWN
accepted-data,partnerQuestion,claimElement.effectiveDate.hasDate,boolean,partnerQuestion,claimElement_effectiveDate_hasDate,string,, PII:UNKNOWN
accepted-data,partnerQuestion,claimElement.effectiveDate.knownDate,string,partnerQuestion,claimElement_effectiveDate_knownDate,string,, PII:UNKNOWN
accepted-data,partnerQuestion,claimElement.paymentEffectiveDate.hasDate,boolean,partnerQuestion,claimElement_paymentEffectiveDate_hasDate,string,, PII:UNKNOWN
accepted-data,partnerQuestion,claimElement.paymentEffectiveDate.knownDate,string,partnerQuestion,claimElement_paymentEffectiveDate_knownDate,string,, PII:UNKNOWN
accepted-data,partnerQuestion,createdDateTime.d_date,string,partnerQuestion,createdDateTime_d_date,timestamp,,DateTime(ISO-8601/UTC):org.joda.time.DateTime PII:UNKNOWN
accepted-data,partnerQuestion,declarationId,string,partnerQuestion,declarationId,string,,UUID:uk.gov.dwp.universe.declaration.DeclarationId PII:UNKNOWN
accepted-data,partnerQuestion,invalidated.dateTime.d_date,string,partnerQuestion,invalidated_dateTime_d_date,timestamp,,DateTime(ISO-8601/UTC):org.joda.time.DateTime PII:UNKNOWN
accepted-data,partnerQuestion,invalidated.reason,string,partnerQuestion,invalidated_reason,string,, PII:UNKNOWN
accepted-data,partnerQuestion,_id.d_oid,string,partnerQuestion,id,string,,
accepted-data,personDetails,acceptedDateTime.d_date,string,personDetails,acceptedDateTime_d_date,timestamp,,DateTime(ISO-8601/UTC):org.joda.time.DateTime PII:UNKNOWN
accepted-data,personDetails,claimElement.contractId,string,personDetails,claimElement_contractId,string,, PII:UNKNOWN
accepted-data,personDetails,claimElement.declaredDateTime,string,personDetails,claimElement_declaredDateTime,string,, PII:UNKNOWN
accepted-data,personDetails,claimElement.effectiveDate.hasDate,boolean,personDetails,claimElement_effectiveDate_hasDate,string,, PII:UNKNOWN
accepted-data,personDetails,claimElement.effectiveDate.knownDate,string,personDetails,claimElement_effectiveDate_knownDate,string,, PII:UNKNOWN
accepted-data,personDetails,claimElement.paymentEffectiveDate.hasDate,boolean,personDetails,claimElement_paymentEffectiveDate_hasDate,string,, PII:UNKNOWN
accepted-data,personDetails,claimElement.paymentEffectiveDate.knownDate,string,personDetails,claimElement_paymentEffectiveDate_knownDate,string,, PII:UNKNOWN
accepted-data,personDetails,createdDateTime.d_date,string,personDetails,createdDateTime_d_date,timestamp,,DateTime(ISO-8601/UTC):org.joda.time.DateTime PII:UNKNOWN
accepted-data,personDetails,declarationId,string,personDetails,declarationId,string,,UUID:uk.gov.dwp.universe.declaration.DeclarationId PII:UNKNOWN
accepted-data,personDetails,invalidated.dateTime.d_date,string,personDetails,invalidated_dateTime_d_date,timestamp,,DateTime(ISO-8601/UTC):org.joda.time.DateTime PII:UNKNOWN
accepted-data,personDetails,invalidated.reason,string,personDetails,invalidated_reason,string,, PII:UNKNOWN
accepted-data,personDetails,_id.d_oid,string,personDetails,id,string,,
accepted-data,pregnancy,acceptedDateTime.d_date,string,pregnancy,acceptedDateTime_d_date,timestamp,,DateTime(ISO-8601/UTC):org.joda.time.DateTime PII:UNKNOWN
accepted-data,pregnancy,claimElement.contractId,string,pregnancy,claimElement_contractId,string,, PII:UNKNOWN
accepted-data,pregnancy,claimElement.declaredDateTime,string,pregnancy,claimElement_declaredDateTime,string,, PII:UNKNOWN
accepted-data,pregnancy,claimElement.effectiveDate.hasDate,boolean,pregnancy,claimElement_effectiveDate_hasDate,string,, PII:UNKNOWN
accepted-data,pregnancy,claimElement.effectiveDate.knownDate,string,pregnancy,claimElement_effectiveDate_knownDate,string,, PII:UNKNOWN
accepted-data,pregnancy,claimElement.paymentEffectiveDate.hasDate,boolean,pregnancy,claimElement_paymentEffectiveDate_hasDate,string,, PII:UNKNOWN
accepted-data,pregnancy,claimElement.paymentEffectiveDate.knownDate,string,pregnancy,claimElement_paymentEffectiveDate_knownDate,string,, PII:UNKNOWN
accepted-data,pregnancy,createdDateTime.d_date,string,pregnancy,createdDateTime_d_date,timestamp,,DateTime(ISO-8601/UTC):org.joda.time.DateTime PII:UNKNOWN
accepted-data,pregnancy,declarationId,string,pregnancy,declarationId,string,,UUID:uk.gov.dwp.universe.declaration.DeclarationId PII:UNKNOWN
accepted-data,pregnancy,invalidated.dateTime.d_date,string,pregnancy,invalidated_dateTime_d_date,timestamp,,DateTime(ISO-8601/UTC):org.joda.time.DateTime PII:UNKNOWN
accepted-data,pregnancy,invalidated.reason,string,pregnancy,invalidated_reason,string,, PII:UNKNOWN
accepted-data,pregnancy,_id.d_oid,string,pregnancy,id,string,,
accepted-data,previousEarnings,acceptedDateTime.d_date,string,previousEarnings,acceptedDateTime_d_date,timestamp,,DateTime(ISO-8601/UTC):org.joda.time.DateTime PII:UNKNOWN
accepted-data,previousEarnings,claimElement.contractId,string,previousEarnings,claimElement_contractId,string,, PII:UNKNOWN
accepted-data,previousEarnings,claimElement.declaredDateTime,string,previousEarnings,claimElement_declaredDateTime,string,, PII:UNKNOWN
accepted-data,previousEarnings,claimElement.effectiveDate.hasDate,boolean,previousEarnings,claimElement_effectiveDate_hasDate,string,, PII:UNKNOWN
accepted-data,previousEarnings,claimElement.effectiveDate.knownDate,string,previousEarnings,claimElement_effectiveDate_knownDate,string,, PII:UNKNOWN
accepted-data,previousEarnings,claimElement.paymentEffectiveDate.hasDate,boolean,previousEarnings,claimElement_paymentEffectiveDate_hasDate,string,, PII:UNKNOWN
accepted-data,previousEarnings,claimElement.paymentEffectiveDate.knownDate,string,previousEarnings,claimElement_paymentEffectiveDate_knownDate,string,, PII:UNKNOWN
accepted-data,previousEarnings,createdDateTime.d_date,string,previousEarnings,createdDateTime_d_date,timestamp,,DateTime(ISO-8601/UTC):org.joda.time.DateTime PII:UNKNOWN
accepted-data,previousEarnings,declarationId,string,previousEarnings,declarationId,string,,UUID:uk.gov.dwp.universe.declaration.DeclarationId PII:UNKNOWN
accepted-data,previousEarnings,invalidated.dateTime.d_date,string,previousEarnings,invalidated_dateTime_d_date,timestamp,,DateTime(ISO-8601/UTC):org.joda.time.DateTime PII:UNKNOWN
accepted-data,previousEarnings,invalidated.reason,string,previousEarnings,invalidated_reason,string,, PII:UNKNOWN
accepted-data,previousEarnings,_id.d_oid,string,previousEarnings,id,string,,
accepted-data,supportForMortgageInterest,acceptedDateTime.d_date,string,supportForMortgageInterest,acceptedDateTime_d_date,timestamp,,DateTime(ISO-8601/UTC):org.joda.time.DateTime PII:UNKNOWN
accepted-data,supportForMortgageInterest,claimElement.contractId,string,supportForMortgageInterest,claimElement_contractId,string,, PII:UNKNOWN
accepted-data,supportForMortgageInterest,claimElement.declaredDateTime,string,supportForMortgageInterest,claimElement_declaredDateTime,string,, PII:UNKNOWN
accepted-data,supportForMortgageInterest,claimElement.effectiveDate.hasDate,boolean,supportForMortgageInterest,claimElement_effectiveDate_hasDate,string,, PII:UNKNOWN
accepted-data,supportForMortgageInterest,claimElement.effectiveDate.knownDate,string,supportForMortgageInterest,claimElement_effectiveDate_knownDate,string,, PII:UNKNOWN
accepted-data,supportForMortgageInterest,claimElement.paymentEffectiveDate.hasDate,boolean,supportForMortgageInterest,claimElement_paymentEffectiveDate_hasDate,string,, PII:UNKNOWN
accepted-data,supportForMortgageInterest,claimElement.paymentEffectiveDate.knownDate,string,supportForMortgageInterest,claimElement_paymentEffectiveDate_knownDate,string,, PII:UNKNOWN
accepted-data,supportForMortgageInterest,createdDateTime.d_date,string,supportForMortgageInterest,createdDateTime_d_date,timestamp,,DateTime(ISO-8601/UTC):org.joda.time.DateTime PII:UNKNOWN
accepted-data,supportForMortgageInterest,declarationId,string,supportForMortgageInterest,declarationId,string,,UUID:uk.gov.dwp.universe.declaration.DeclarationId PII:UNKNOWN
accepted-data,supportForMortgageInterest,invalidated.dateTime.d_date,string,supportForMortgageInterest,invalidated_dateTime_d_date,timestamp,,DateTime(ISO-8601/UTC):org.joda.time.DateTime PII:UNKNOWN
accepted-data,supportForMortgageInterest,invalidated.reason,string,supportForMortgageInterest,invalidated_reason,string,, PII:UNKNOWN
accepted-data,supportForMortgageInterest,_id.d_oid,string,supportForMortgageInterest,id,string,,
accepted-data,terminalIllness,acceptedDateTime.d_date,string,terminalIllness,acceptedDateTime_d_date,timestamp,,DateTime(ISO-8601/UTC):org.joda.time.DateTime PII:UNKNOWN
accepted-data,terminalIllness,claimElement.contractId,string,terminalIllness,claimElement_contractId,string,, PII:UNKNOWN
accepted-data,terminalIllness,claimElement.declaredDateTime,string,terminalIllness,claimElement_declaredDateTime,string,, PII:UNKNOWN
accepted-data,terminalIllness,claimElement.effectiveDate.hasDate,boolean,terminalIllness,claimElement_effectiveDate_hasDate,string,, PII:UNKNOWN
accepted-data,terminalIllness,claimElement.effectiveDate.knownDate,string,terminalIllness,claimElement_effectiveDate_knownDate,string,, PII:UNKNOWN
accepted-data,terminalIllness,claimElement.paymentEffectiveDate.hasDate,boolean,terminalIllness,claimElement_paymentEffectiveDate_hasDate,string,, PII:UNKNOWN
accepted-data,terminalIllness,claimElement.paymentEffectiveDate.knownDate,string,terminalIllness,claimElement_paymentEffectiveDate_knownDate,string,, PII:UNKNOWN
accepted-data,terminalIllness,createdDateTime.d_date,string,terminalIllness,createdDateTime_d_date,timestamp,,DateTime(ISO-8601/UTC):org.joda.time.DateTime PII:UNKNOWN
accepted-data,terminalIllness,declarationId,string,terminalIllness,declarationId,string,,UUID:uk.gov.dwp.universe.declaration.DeclarationId PII:UNKNOWN
accepted-data,terminalIllness,invalidated.dateTime.d_date,string,terminalIllness,invalidated_dateTime_d_date,timestamp,,DateTime(ISO-8601/UTC):org.joda.time.DateTime PII:UNKNOWN
accepted-data,terminalIllness,invalidated.reason,string,terminalIllness,invalidated_reason,string,, PII:UNKNOWN
accepted-data,terminalIllness,_id.d_oid,string,terminalIllness,id,string,,
accepted-data,workAndEarningsCircumstances,acceptedDateTime.d_date,string,workAndEarningsCircumstances,acceptedDateTime_d_date,timestamp,,DateTime(ISO-8601/UTC):org.joda.time.DateTime PII:UNKNOWN
accepted-data,workAndEarningsCircumstances,claimElement.contractId,string,workAndEarningsCircumstances,claimElement_contractId,string,, PII:UNKNOWN
accepted-data,workAndEarningsCircumstances,claimElement.declaredDateTime,string,workAndEarningsCircumstances,claimElement_declaredDateTime,string,, PII:UNKNOWN
accepted-data,workAndEarningsCircumstances,claimElement.effectiveDate.hasDate,boolean,workAndEarningsCircumstances,claimElement_effectiveDate_hasDate,string,, PII:UNKNOWN
accepted-data,workAndEarningsCircumstances,claimElement.effectiveDate.knownDate,string,workAndEarningsCircumstances,claimElement_effectiveDate_knownDate,string,, PII:UNKNOWN
accepted-data,workAndEarningsCircumstances,claimElement.paymentEffectiveDate.hasDate,boolean,workAndEarningsCircumstances,claimElement_paymentEffectiveDate_hasDate,string,, PII:UNKNOWN
accepted-data,workAndEarningsCircumstances,claimElement.paymentEffectiveDate.knownDate,string,workAndEarningsCircumstances,claimElement_paymentEffectiveDate_knownDate,string,, PII:UNKNOWN
accepted-data,workAndEarningsCircumstances,createdDateTime.d_date,string,workAndEarningsCircumstances,createdDateTime_d_date,timestamp,,DateTime(ISO-8601/UTC):org.joda.time.DateTime PII:UNKNOWN
accepted-data,workAndEarningsCircumstances,declarationId,string,workAndEarningsCircumstances,declarationId,string,,UUID:uk.gov.dwp.universe.declaration.DeclarationId PII:UNKNOWN
accepted-data,workAndEarningsCircumstances,invalidated.dateTime.d_date,string,workAndEarningsCircumstances,invalidated_dateTime_d_date,timestamp,,DateTime(ISO-8601/UTC):org.joda.time.DateTime PII:UNKNOWN
accepted-data,workAndEarningsCircumstances,invalidated.reason,string,workAndEarningsCircumstances,invalidated_reason,string,, PII:UNKNOWN
accepted-data,workAndEarningsCircumstances,_id.d_oid,string,workAndEarningsCircumstances,id,string,,
accepted-data,workCapabilityAssessmentDecision,acceptedDateTime.d_date,string,workCapabilityAssessmentDecision,acceptedDateTime_d_date,timestamp,,DateTime(ISO-8601/UTC):org.joda.time.DateTime PII:UNKNOWN
accepted-data,workCapabilityAssessmentDecision,claimElement.contractId,string,workCapabilityAssessmentDecision,claimElement_contractId,string,, PII:UNKNOWN
accepted-data,workCapabilityAssessmentDecision,claimElement.declaredDateTime,string,workCapabilityAssessmentDecision,claimElement_declaredDateTime,string,, PII:UNKNOWN
accepted-data,workCapabilityAssessmentDecision,claimElement.effectiveDate.hasDate,boolean,workCapabilityAssessmentDecision,claimElement_effectiveDate_hasDate,string,, PII:UNKNOWN
accepted-data,workCapabilityAssessmentDecision,claimElement.effectiveDate.knownDate,string,workCapabilityAssessmentDecision,claimElement_effectiveDate_knownDate,string,, PII:UNKNOWN
accepted-data,workCapabilityAssessmentDecision,claimElement.paymentEffectiveDate.hasDate,boolean,workCapabilityAssessmentDecision,claimElement_paymentEffectiveDate_hasDate,string,, PII:UNKNOWN
accepted-data,workCapabilityAssessmentDecision,claimElement.paymentEffectiveDate.knownDate,string,workCapabilityAssessmentDecision,claimElement_paymentEffectiveDate_knownDate,string,, PII:UNKNOWN
accepted-data,workCapabilityAssessmentDecision,createdDateTime.d_date,string,workCapabilityAssessmentDecision,createdDateTime_d_date,timestamp,,DateTime(ISO-8601/UTC):org.joda.time.DateTime PII:UNKNOWN
accepted-data,workCapabilityAssessmentDecision,declarationId,string,workCapabilityAssessmentDecision,declarationId,string,,UUID:uk.gov.dwp.universe.declaration.DeclarationId PII:UNKNOWN
accepted-data,workCapabilityAssessmentDecision,invalidated.dateTime.d_date,string,workCapabilityAssessmentDecision,invalidated_dateTime_d_date,timestamp,,DateTime(ISO-8601/UTC):org.joda.time.DateTime PII:UNKNOWN
accepted-data,workCapabilityAssessmentDecision,invalidated.reason,string,workCapabilityAssessmentDecision,invalidated_reason,string,, PII:UNKNOWN
accepted-data,workCapabilityAssessmentDecision,_id.d_oid,string,workCapabilityAssessmentDecision,id,string,,
